{
  "loss": [
    0.5527572631835938,
    0.11075814813375473,
    0.13525669276714325,
    0.13959315419197083,
    0.04349091276526451,
    0.021611288189888,
    0.019288495182991028,
    0.012946205213665962,
    0.026435580104589462,
    0.06017018482089043,
    0.03477572649717331,
    0.004202298354357481,
    0.005188454408198595,
    0.004686952568590641,
    0.03318459913134575
  ],
  "accuracy": [
    0.761904776096344,
    1.0,
    0.9285714030265808,
    0.9047619104385376,
    1.0,
    1.0,
    1.0,
    1.0,
    1.0,
    0.976190447807312,
    0.976190447807312,
    1.0,
    1.0,
    1.0,
    1.0
  ],
  "val_loss": [
    0.476473867893219,
    0.4016871154308319,
    0.3528256118297577,
    0.3347690999507904,
    0.3158779442310333,
    0.30740705132484436,
    0.3166268467903137,
    0.3399461507797241,
    0.35930126905441284,
    0.3905317485332489,
    0.4025971591472626,
    0.414407879114151,
    0.41128283739089966,
    0.40528279542922974,
    0.42660191655158997
  ],
  "val_accuracy": [
    0.5,
    0.75,
    0.875,
    0.75,
    0.75,
    0.75,
    0.75,
    0.75,
    0.75,
    0.75,
    0.75,
    0.75,
    0.75,
    0.75,
    0.75
  ],
  "lr": [
    0.0010000000474974513,
    0.0010000000474974513,
    0.0010000000474974513,
    0.0010000000474974513,
    0.0010000000474974513,
    0.0010000000474974513,
    0.0010000000474974513,
    0.0010000000474974513,
    0.0010000000474974513,
    0.0010000000474974513,
    0.0010000000474974513,
    0.0010000000474974513,
    0.0005000000237487257,
    0.0005000000237487257,
    0.0005000000237487257
  ]
}