{
  "loss": [
    0.4187714755535126,
    0.06336307525634766,
    0.045748550444841385,
    0.01776222139596939,
    0.06262777000665665,
    0.0228950884193182,
    0.026118677109479904,
    0.008717048913240433,
    0.01811208948493004,
    0.007393357809633017,
    0.06527987122535706,
    0.015571603551506996,
    0.00872828345745802,
    0.006160602904856205,
    0.0038221352733671665
  ],
  "accuracy": [
    0.8429118990898132,
    0.992337167263031,
    0.984674334526062,
    1.0,
    0.992337167263031,
    0.9961685538291931,
    1.0,
    0.9961685538291931,
    0.9885057210922241,
    0.9961685538291931,
    0.984674334526062,
    0.9961685538291931,
    1.0,
    1.0,
    1.0
  ],
  "val_loss": [
    0.5964714884757996,
    0.3056653141975403,
    0.13742639124393463,
    0.17989897727966309,
    0.3413756787776947,
    0.5280488729476929,
    0.18916179239749908,
    0.05418489873409271,
    0.060135677456855774,
    0.5373867750167847,
    0.1524975597858429,
    0.010662934742867947,
    0.014640815556049347,
    0.015688680112361908,
    0.003184809349477291
  ],
  "val_accuracy": [
    0.6808510422706604,
    0.8936170339584351,
    1.0,
    0.957446813583374,
    0.8085106611251831,
    0.7021276354789734,
    1.0,
    1.0,
    1.0,
    0.7446808218955994,
    0.957446813583374,
    1.0,
    1.0,
    1.0,
    1.0
  ],
  "lr": [
    0.0010000000474974513,
    0.0010000000474974513,
    0.0010000000474974513,
    0.0010000000474974513,
    0.0010000000474974513,
    0.0010000000474974513,
    0.0010000000474974513,
    0.0010000000474974513,
    0.0010000000474974513,
    0.0010000000474974513,
    0.0010000000474974513,
    0.0010000000474974513,
    0.0010000000474974513,
    0.0010000000474974513,
    0.0010000000474974513
  ]
}