{
  "loss": [
    1.549894094467163,
    0.5742080807685852,
    0.3088671863079071,
    0.19899077713489532,
    0.14963392913341522,
    0.15329118072986603,
    0.10387621819972992,
    0.07522133737802505,
    0.06694258749485016,
    0.06688820570707321,
    0.0422576367855072,
    0.035861704498529434,
    0.05008075386285782,
    0.05781707167625427,
    0.0719871073961258,
    0.13776466250419617,
    0.09309044480323792,
    0.03491431847214699,
    0.03276491537690163,
    0.018215099349617958,
    0.019755102694034576,
    0.02027473971247673,
    0.01785883679986
  ],
  "accuracy": [
    0.5564853549003601,
    0.8765690326690674,
    0.9358437657356262,
    0.9560669660568237,
    0.9637377858161926,
    0.9630404710769653,
    0.9797768592834473,
    0.9804741740226746,
    0.9839609265327454,
    0.9853556752204895,
    0.9902371168136597,
    0.990934431552887,
    0.9853556752204895,
    0.9832636117935181,
    0.9811715483665466,
    0.9679219126701355,
    0.9755927324295044,
    0.9902371168136597,
    0.991631805896759,
    0.9972106218338013,
    0.9951185584068298,
    0.9965132474899292,
    0.9958158731460571
  ],
  "val_loss": [
    1.5774418115615845,
    0.693109393119812,
    0.28219926357269287,
    0.4488410949707031,
    0.6353813409805298,
    0.12965714931488037,
    0.09810946136713028,
    0.07629804313182831,
    0.11057955026626587,
    0.06789647042751312,
    0.06376925855875015,
    0.06852441281080246,
    0.33832454681396484,
    0.1148756891489029,
    0.19747720658779144,
    0.2611715495586395,
    0.10891017317771912,
    0.07204011082649231,
    0.08461615443229675,
    0.08923568576574326,
    0.11417858302593231,
    0.09029622375965118,
    0.08914998918771744
  ],
  "val_accuracy": [
    0.6417322754859924,
    0.8110235929489136,
    0.960629940032959,
    0.8937007784843445,
    0.7952755689620972,
    0.960629940032959,
    0.9803149700164795,
    0.9881889820098877,
    0.9724409580230713,
    0.9842519760131836,
    0.9921259880065918,
    0.9881889820098877,
    0.8976377844810486,
    0.9842519760131836,
    0.9330708384513855,
    0.9409449100494385,
    0.9842519760131836,
    0.9921259880065918,
    0.9921259880065918,
    0.9921259880065918,
    0.9842519760131836,
    0.9921259880065918,
    0.9921259880065918
  ],
  "lr": [
    0.0010000000474974513,
    0.0010000000474974513,
    0.0010000000474974513,
    0.0010000000474974513,
    0.0010000000474974513,
    0.0010000000474974513,
    0.0010000000474974513,
    0.0010000000474974513,
    0.0010000000474974513,
    0.0010000000474974513,
    0.0010000000474974513,
    0.0010000000474974513,
    0.0010000000474974513,
    0.0010000000474974513,
    0.0010000000474974513,
    0.0010000000474974513,
    0.0010000000474974513,
    0.0005000000237487257,
    0.0005000000237487257,
    0.0005000000237487257,
    0.0005000000237487257,
    0.0005000000237487257,
    0.0005000000237487257
  ]
}