{
  "loss": [
    0.42568185925483704,
    0.06812147796154022,
    0.06210438162088394,
    0.028932297602295876,
    0.04156820848584175,
    0.01587543822824955,
    0.02533560059964657,
    0.013152765110135078,
    0.00798805896192789,
    0.0059027220122516155,
    0.04060559719800949,
    0.014301551505923271,
    0.012646246701478958,
    0.005086598917841911,
    0.0041421507485210896,
    0.0015582608757540584,
    0.006712659262120724,
    0.004016670864075422,
    0.005152670666575432,
    0.01638481579720974
  ],
  "accuracy": [
    0.8543046116828918,
    0.9834437370300293,
    0.9900662302970886,
    0.996688723564148,
    0.9900662302970886,
    1.0,
    0.9933775067329407,
    1.0,
    1.0,
    1.0,
    0.9900662302970886,
    0.996688723564148,
    0.996688723564148,
    1.0,
    1.0,
    1.0,
    0.996688723564148,
    1.0,
    1.0,
    0.996688723564148
  ],
  "val_loss": [
    0.5409619212150574,
    0.5121569037437439,
    0.7551724910736084,
    0.34302961826324463,
    1.4467114210128784,
    1.0366158485412598,
    0.7370020747184753,
    0.047348763793706894,
    0.015781303867697716,
    0.01463042851537466,
    0.4644964337348938,
    0.009333948604762554,
    0.004890213254839182,
    0.014172732830047607,
    0.13681985437870026,
    0.08939280360937119,
    0.07771214097738266,
    0.014882903546094894,
    0.00047419764450751245,
    0.03624202683568001
  ],
  "val_accuracy": [
    0.9444444179534912,
    0.7222222089767456,
    0.6666666865348816,
    0.8148148059844971,
    0.6666666865348816,
    0.6666666865348816,
    0.6666666865348816,
    1.0,
    1.0,
    1.0,
    0.7407407164573669,
    1.0,
    1.0,
    1.0,
    0.9444444179534912,
    0.9629629850387573,
    0.9814814925193787,
    1.0,
    1.0,
    0.9814814925193787
  ],
  "lr": [
    0.0010000000474974513,
    0.0010000000474974513,
    0.0010000000474974513,
    0.0010000000474974513,
    0.0010000000474974513,
    0.0010000000474974513,
    0.0010000000474974513,
    0.0010000000474974513,
    0.0010000000474974513,
    0.0010000000474974513,
    0.0010000000474974513,
    0.0010000000474974513,
    0.0010000000474974513,
    0.0010000000474974513,
    0.0010000000474974513,
    0.0010000000474974513,
    0.0010000000474974513,
    0.0010000000474974513,
    0.0010000000474974513,
    0.0010000000474974513
  ]
}