{
  "loss": [
    1.1534703969955444,
    0.32053157687187195,
    0.1790868192911148,
    0.14270998537540436,
    0.10445577651262283,
    0.09179310500621796,
    0.04405168816447258,
    0.054729606956243515,
    0.06832467764616013,
    0.049751345068216324,
    0.06074458360671997,
    0.03202911838889122,
    0.03204677253961563,
    0.02091784030199051,
    0.024694260209798813,
    0.026707148179411888,
    0.02135087363421917,
    0.024162236601114273,
    0.007577252108603716
  ],
  "accuracy": [
    0.6733576655387878,
    0.9279196858406067,
    0.9616788029670715,
    0.974452555179596,
    0.9762773513793945,
    0.9753649830818176,
    0.9908758997917175,
    0.989051103591919,
    0.9835766553878784,
    0.9881386756896973,
    0.9844890236854553,
    0.9899635314941406,
    0.9927007555961609,
    0.9954379796981812,
    0.9927007555961609,
    0.9954379796981812,
    0.9927007555961609,
    0.9936131238937378,
    0.9990875720977783
  ],
  "val_loss": [
    1.351001262664795,
    0.4555552899837494,
    0.24767905473709106,
    0.12599287927150726,
    0.054685913026332855,
    0.10062896460294724,
    0.0315900519490242,
    0.047574084252119064,
    0.10754474252462387,
    0.19994758069515228,
    0.08253686130046844,
    0.03804602846503258,
    0.11849609017372131,
    0.04863470047712326,
    0.03945152461528778,
    0.07038575410842896,
    0.046021588146686554,
    0.03768817335367203,
    0.046834640204906464
  ],
  "val_accuracy": [
    0.6752577424049377,
    0.9123711585998535,
    0.9536082744598389,
    0.9742268323898315,
    0.9948453903198242,
    0.9639175534248352,
    0.9948453903198242,
    0.9845361113548279,
    0.9742268323898315,
    0.9226804375648499,
    0.9896907210350037,
    0.9896907210350037,
    0.9639175534248352,
    0.9896907210350037,
    0.9896907210350037,
    0.9845361113548279,
    0.9948453903198242,
    0.9948453903198242,
    0.9896907210350037
  ],
  "lr": [
    0.0010000000474974513,
    0.0010000000474974513,
    0.0010000000474974513,
    0.0010000000474974513,
    0.0010000000474974513,
    0.0010000000474974513,
    0.0010000000474974513,
    0.0010000000474974513,
    0.0010000000474974513,
    0.0010000000474974513,
    0.0010000000474974513,
    0.0010000000474974513,
    0.0010000000474974513,
    0.0005000000237487257,
    0.0005000000237487257,
    0.0005000000237487257,
    0.0005000000237487257,
    0.0005000000237487257,
    0.0005000000237487257
  ]
}