{
  "loss": [
    0.8078000545501709,
    0.36303314566612244,
    0.1989014744758606,
    0.09830198436975479,
    0.2228035032749176,
    0.05931604281067848,
    0.09771343320608139,
    0.1199135035276413,
    0.10069792717695236,
    0.10500982403755188,
    0.018320003524422646,
    0.09672842919826508,
    0.0525665320456028,
    0.0454043485224247,
    0.054610539227724075,
    0.05001267045736313
  ],
  "accuracy": [
    0.5799999833106995,
    0.8600000143051147,
    0.8799999952316284,
    0.9800000190734863,
    0.8999999761581421,
    1.0,
    0.9399999976158142,
    0.9800000190734863,
    0.9399999976158142,
    0.9599999785423279,
    1.0,
    0.9599999785423279,
    1.0,
    0.9800000190734863,
    0.9800000190734863,
    1.0
  ],
  "val_loss": [
    0.7995308041572571,
    0.6499512195587158,
    0.5420149564743042,
    0.4469854533672333,
    0.36834442615509033,
    0.35176634788513184,
    0.3369380235671997,
    0.31367889046669006,
    0.29831480979919434,
    0.286691278219223,
    0.275872141122818,
    0.26377639174461365,
    0.24982553720474243,
    0.22981932759284973,
    0.2282242774963379,
    0.2303101271390915
  ],
  "val_accuracy": [
    0.2222222238779068,
    0.4444444477558136,
    0.7777777910232544,
    1.0,
    1.0,
    1.0,
    1.0,
    1.0,
    1.0,
    1.0,
    1.0,
    1.0,
    1.0,
    1.0,
    1.0,
    0.8888888955116272
  ],
  "lr": [
    0.0010000000474974513,
    0.0010000000474974513,
    0.0010000000474974513,
    0.0010000000474974513,
    0.0010000000474974513,
    0.0010000000474974513,
    0.0010000000474974513,
    0.0010000000474974513,
    0.0010000000474974513,
    0.0010000000474974513,
    0.0010000000474974513,
    0.0010000000474974513,
    0.0010000000474974513,
    0.0010000000474974513,
    0.0010000000474974513,
    0.0010000000474974513
  ]
}